actual_height,position_error,velocity_actual,velocity_goal,throttle
0.025795597583055496,0.2742044024169445,1.2897798791527748,2.742044024169445,1472.6132072508335
0.025786202400922775,0.2742137975990772,-0.00046975910663604736,2.7421379759907722,1537.1303867548704
0.025782113894820213,0.2742178861051798,-0.00020442530512809753,2.742178861051798,1537.1191643178463
0.025779306888580322,0.27422069311141967,-0.0001403503119945526,2.7422069311141968,1537.1173640713096
0.025785990059375763,0.2742140099406242,0.0003341585397720337,2.7421400994062424,1537.0902970433235
0.02578575909137726,0.27421424090862273,-1.1548399925231934e-05,2.7421424090862274,1537.1076978743076
0.025792952626943588,0.2742070473730564,0.0003596767783164978,2.742070473730564,1537.0855398476124
0.025783266872167587,0.2742167331278324,-0.00048428773880004883,2.742167331278324,1537.1325809508562
0.02578285150229931,0.2742171484977007,-2.076849341392517e-05,2.742171484977007,1537.109612673521
0.025779964402318,0.274220035597682,-0.00014435499906539917,2.74220035597682,1537.1172355487943
0.025782350450754166,0.2742176495492458,0.0001193024218082428,2.7421764954924583,1537.1028596535325
0.02580280788242817,0.2741971921175718,0.00102287158370018,2.7419719211757183,1537.047452479601
0.02578812465071678,0.2742118753492832,-0.0007341615855693817,2.742118753492832,1537.14264575392
0.02579640969634056,0.27420359030365943,0.00041425228118896484,2.7420359030365944,1537.0810825377703
0.02578682452440262,0.27421317547559737,-0.00047925859689712524,2.742131754755974,1537.1305506676435
0.025796039029955864,0.2742039609700441,0.0004607252776622772,2.7420396097004414,1537.078944221139
0.02579650841653347,0.2742034915834665,2.346932888031006e-05,2.7420349158346653,1537.1005723252892
0.02579682692885399,0.274203173071146,1.5925616025924683e-05,2.74203173071146,1537.1007902547717
0.02579590305685997,0.27420409694314,-4.6193599700927734e-05,2.7420409694314003,1537.104358151555
0.025803925469517708,0.2741960745304823,0.0004011206328868866,2.741960745304823,1537.0779812335968
0.02580372430384159,0.2741962756961584,-1.0058283805847168e-05,2.741962756961584,1537.0986407622695
0.02579801343381405,0.27420198656618594,-0.0002855435013771057,2.7420198656618595,1537.1152704581618
0.02580166794359684,0.27419833205640315,0.00018272548913955688,2.7419833205640316,1537.0900297537446
0.025797052308917046,0.27420294769108294,-0.00023078173398971558,2.7420294769108295,1537.113012932241
0.025802012532949448,0.27419798746705054,0.00024801120162010193,2.7419798746705055,1537.0865931734443
0.02579733356833458,0.2742026664316654,-0.0002339482307434082,2.742026664316654,1537.1130306273699
0.02579733356833458,0.2742026664316654,0.0,2.742026664316654,1537.1013332158327
0.02579725906252861,0.2742027409374714,-3.725290298461914e-06,2.742027409374714,1537.1015567332506
0.02578713558614254,0.27421286441385745,-0.0005061738193035126,2.7421286441385746,1537.131740897894
0.025790534913539886,0.2742094650864601,0.00016996636986732483,2.742094650864601,1537.0962342247367
0.025776196271181107,0.2742238037288189,-0.0007169321179389954,2.742238037288189,1537.1477484703064
0.025786180049180984,0.274213819950819,0.0004991888999938965,2.74213819950819,1537.0819505304098
0.025780027732253075,0.2742199722677469,-0.00030761584639549255,2.7421997226774693,1537.1253669261932
0.025780662894248962,0.274219337105751,3.175809979438782e-05,2.7421933710575104,1537.1080806478858
0.025776883587241173,0.2742231164127588,-0.0001889653503894806,2.7422311641275883,1537.121006473899
0.02579285018146038,0.2742071498185396,0.0007983297109603882,2.742071498185396,1537.0636584237218
0.025775983929634094,0.2742240160703659,-0.0008433125913143158,2.742240160703659,1537.1541736647487
0.025798821821808815,0.2742011781781912,0.0011418946087360382,2.742011781781912,1537.0434943586588
0.02577950991690159,0.2742204900830984,-0.0009655952453613281,2.742204900830984,1537.1585248038173
0.025776034221053123,0.27422396577894687,-0.0001737847924232483,2.7422396577894688,1537.1206721290946
0.02579210139811039,0.2742078986018896,0.0008033588528633118,2.742078986018896,1537.0637813583016
0.025773342698812485,0.2742266573011875,-0.0009379349648952484,2.742266573011875,1537.1602253988385
0.02579733356833458,0.2742026664316654,0.0011995434761047363,2.742026664316654,1537.0413560420275
0.025792358443140984,0.274207641556859,-0.0002487562596797943,2.74207641556859,1537.1162585914135
0.02579578198492527,0.2742042180150747,0.00017117708921432495,2.7420421801507473,1537.0935501530766
0.025782402604818344,0.27421759739518164,-0.0006689690053462982,2.7421759739518166,1537.1422471478581
0.025778595358133316,0.2742214046418667,-0.0001903623342514038,2.742214046418667,1537.120220437646
0.025768131017684937,0.27423186898231505,-0.0005232170224189758,2.7423186898231506,1537.1420953422785
0.025791537016630173,0.2742084629833698,0.0011702999472618103,2.7420846298336983,1537.0457164943218
0.025768084451556206,0.2742319155484438,-0.001172628253698349,2.742319155484438,1537.1745891869068
0.025786953046917915,0.2742130469530821,0.0009434297680854797,2.742130469530821,1537.0593519881368
0.02577725239098072,0.27422274760901927,-0.0004850327968597412,2.742227476090193,1537.1356254443526
0.02578846924006939,0.2742115307599306,0.0005608424544334412,2.742115307599306,1537.0777232572436
0.025795157998800278,0.2742048420011997,0.00033443793654441833,2.7420484200119972,1537.0856991037726
0.025787755846977234,0.27421224415302276,-0.00037010759115219116,2.7421224415302277,1537.124627456069
0.025798678398132324,0.27420132160186766,0.0005461275577545166,2.7420132160186768,1537.073354423046
0.025778623297810555,0.27422137670218943,-0.0010027550160884857,2.7422137670218945,1537.1608261018991
0.02579367347061634,0.27420632652938365,0.0007525086402893066,2.7420632652938366,1537.0655378326774
0.025811808183789253,0.27418819181621074,0.0009067356586456299,2.7418819181621075,1537.048759125173
0.025900838896632195,0.2740991611033678,0.004451535642147064,2.740991611033678,1536.8270037695765
0.026520762592554092,0.2734792374074459,0.030996184796094894,2.734792374074459,1535.1898094639182
0.028138184919953346,0.27186181508004664,0.08087111636996269,2.7186181508004665,1531.8873517215252
0.031911157071590424,0.26808884292840957,0.18864860758185387,2.6808884292840958,1524.611991085112
0.041056349873542786,0.2589436501264572,0.4572596400976181,2.589436501264572,1506.6088430583477
0.049467332661151886,0.2505326673388481,0.420549139380455,2.505326673388481,1504.2388767004013
0.06504636257886887,0.23495363742113112,0.778951495885849,2.3495363742113113,1478.5292439162731
0.07684732228517532,0.22315267771482467,0.5900479853153229,2.2315267771482468,1482.0739395916462
0.08992554992437363,0.21007445007562636,0.6539113819599152,2.1007445007562637,1472.3416559398174
0.10353820025920868,0.1964617997407913,0.6806325167417526,1.9646179974079132,1464.199274033308
0.12550915777683258,0.1744908422231674,1.098547875881195,1.7449084222316742,1432.318027317524
0.14844486117362976,0.15155513882637023,1.146785169839859,1.5155513882637024,1418.4383109211922
0.16439807415008545,0.13560192584991454,0.7976606488227844,1.3560192584991455,1427.917930483818
0.1803937405347824,0.11960625946521758,0.799783319234848,1.196062594652176,1419.8139637708664
0.20490676164627075,0.09509323835372924,1.2256510555744171,0.9509323835372924,1386.2640663981438
0.22145789861679077,0.07854210138320922,0.827556848526001,0.7854210138320922,1397.8932082653046
0.24610011279582977,0.053899887204170216,1.23211070895195,0.5389988720417022,1365.3444081544876
0.2626808285713196,0.03731917142868041,0.8290357887744904,0.3731917142868041,1377.2077962756157
0.2789541184902191,0.021045881509780873,0.8136644959449768,0.21045881509780873,1369.8397159576416
0.3027757406234741,-0.002775740623474132,1.1910811066627502,-0.027757406234741322,1339.0580743551254
0.31835830211639404,-0.018358302116394054,0.7791280746459961,-0.18358302116394054,1351.8644452095032
0.34077900648117065,-0.040779006481170665,1.1210352182388306,-0.40779006481170665,1323.5587358474731
0.355079710483551,-0.055079710483551036,0.7150352001190186,-0.5507971048355104,1336.7083847522736
0.3754841983318329,-0.0754841983318329,1.020224392414093,-0.754841983318329,1311.246681213379
0.3881361484527588,-0.0881361484527588,0.6325975060462952,-0.881361484527588,1324.3020504713058
0.4000318646430969,-0.10003186464309693,0.5947858095169067,-1.0003186464309692,1320.2447772026062
0.4166406989097595,-0.11664069890975953,0.8304417133331299,-1.1664069890975952,1300.1575648784637
0.42649564146995544,-0.12649564146995546,0.49274712800979614,-1.2649564146995544,1312.1148228645325
0.43558594584465027,-0.13558594584465028,0.4545152187347412,-1.3558594584465027,1309.4812661409378
0.44365084171295166,-0.14365084171295167,0.4032447934150696,-1.4365084171295166,1308.0123394727707
0.4541241228580475,-0.1541241228580475,0.5236640572547913,-1.5412412285804749,1296.7547357082367
0.46243515610694885,-0.16243515610694886,0.41555166244506836,-1.6243515610694885,1298.0048388242722
0.46675607562065125,-0.16675607562065126,0.21604597568511963,-1.6675607562065125,1305.8196634054184
0.4700123369693756,-0.17001233696937562,0.16281306743621826,-1.700123369693756,1306.8531781435013
0.47329074144363403,-0.17329074144363404,0.16392022371292114,-1.7329074144363403,1305.158618092537
0.47419971227645874,-0.17419971227645875,0.04544854164123535,-1.7419971227645874,1310.6277167797089
0.4742521643638611,-0.1742521643638611,0.0026226043701171875,-1.7425216436386108,1312.7427875995636
0.47233423590660095,-0.17233423590660096,-0.09589642286300659,-1.7233423590660095,1318.6277031898499
0.4699736535549164,-0.1699736535549164,-0.11802911758422852,-1.6997365355491638,1320.9146291017532
0.4667007625102997,-0.1667007625102997,-0.16364455223083496,-1.6670076251029968,1324.831846356392
0.4600633978843689,-0.1600633978843689,-0.3318682312965393,-1.600633978843689,1336.5617126226425
0.4543776214122772,-0.15437762141227723,-0.28428882360458374,-1.5437762141227722,1337.0256304740906
0.44464051723480225,-0.14464051723480226,-0.4868552088737488,-1.4464051723480225,1352.0225018262863
0.4330762028694153,-0.1330762028694153,-0.5782157182693481,-1.3307620286941528,1362.3726844787598
0.42457473278045654,-0.12457473278045655,-0.425073504447937,-1.2457473278045654,1358.9663088321686
0.415321409702301,-0.11532140970230104,-0.4626661539077759,-1.1532140970230103,1365.4726028442383
0.4056329131126404,-0.10563291311264039,-0.4844248294830322,-1.0563291311264038,1371.4047849178314
0.38981345295906067,-0.08981345295906068,-0.7909730076789856,-0.8981345295906068,1394.641923904419
0.3786701261997223,-0.0786701261997223,-0.557166337966919,-0.786701261997223,1388.5232537984848
0.36706721782684326,-0.06706721782684327,-0.5801454186439514,-0.6706721782684327,1395.473662018776
0.34890541434288025,-0.04890541434288026,-0.9080901741981506,-0.4890541434288026,1420.9518015384674
0.3302810788154602,-0.030281078815460216,-0.9312167763710022,-0.30281078815460216,1431.42029941082
0.3178911507129669,-0.01789115071296693,-0.6194964051246643,-0.1789115071296693,1422.0292448997498
0.3051012456417084,-0.005101245641708385,-0.6394952535629272,-0.05101245641708385,1429.4241398572922
0.28599417209625244,0.014005827903747547,-0.9553536772727966,0.14005827903747547,1454.7705978155136
0.2734510600566864,0.026548939943313588,-0.627155601978302,0.2654893994331359,1444.632250070572
0.26124337315559387,0.03875662684440612,-0.6103843450546265,0.38756626844406117,1449.8975306749344
0.24303235113620758,0.05696764886379241,-0.9105511009693146,0.5696764886379241,1474.011379480362
0.23123213648796082,0.06876786351203917,-0.5900107324123383,0.6876786351203917,1463.8844683766365
0.21987424790859222,0.08012575209140776,-0.5678944289684296,0.8012575209140776,1468.4575974941254
0.20346318185329437,0.09653681814670562,-0.8205533027648926,0.9653681814670562,1489.2960742115974
0.18815694749355316,0.11184305250644683,-0.7653117179870605,1.1184305250644684,1494.1871121525764
0.17857807874679565,0.12142192125320433,-0.47894343733787537,1.2142192125320435,1484.658132493496
0.1693655103445053,0.13063448965549468,-0.4606284201145172,1.306344896554947,1488.3486658334732
0.15699520707130432,0.14300479292869567,-0.6185151636600494,1.4300479292869568,1502.4281546473503
0.14968030154705048,0.1503196984529495,-0.36574527621269226,1.5031969845294952,1493.4471130371094
0.14004389941692352,0.15995610058307647,-0.48182010650634766,1.5995610058307648,1504.0690556168556
0.134592667222023,0.16540733277797698,-0.27256160974502563,1.65407332777977,1496.3317468762398
0.1297561377286911,0.1702438622713089,-0.24182647466659546,1.702438622713089,1497.2132548689842
0.12408223748207092,0.17591776251792907,-0.2836950123310089,1.7591776251792908,1502.143631875515
0.1212729886174202,0.1787270113825798,-0.14046244323253632,1.787270113825798,1496.3866278529167
0.11845001578330994,0.18154998421669005,-0.141148641705513,1.8154998421669006,1497.8324241936207
0.11769834160804749,0.1823016583919525,-0.03758370876312256,1.8230165839195251,1493.0300146341324
0.11766308546066284,0.18233691453933715,-0.0017628073692321777,1.8233691453933716,1491.2565976381302
0.1190882995724678,0.18091170042753218,0.07126070559024811,1.809117004275322,1486.8928149342537
0.12089031934738159,0.1791096806526184,0.09010098874568939,1.791096806526184,1485.0497908890247
0.12343840301036835,0.17656159698963164,0.12740418314933777,1.7656159698963165,1481.910589337349
0.12848573923110962,0.17151426076889037,0.2523668110370636,1.7151426076889038,1473.138789832592
0.13492298126220703,0.16507701873779296,0.3218621015548706,1.6507701873779297,1466.445404291153
0.13727696239948273,0.16272303760051726,0.11769905686378479,1.6272303760051727,1475.4765659570694
0.14552821218967438,0.1544717878103256,0.4125624895095825,1.5447178781032562,1456.6077694296837
0.1515704095363617,0.1484295904636383,0.30210986733436584,1.484295904636383,1459.1093018651009
0.1617451012134552,0.1382548987865448,0.5087345838546753,1.382548987865448,1443.6907202005386
0.1689346879720688,0.1310653120279312,0.3594793379306793,1.3106531202793121,1447.5586891174316
0.18052755296230316,0.11947244703769683,0.5796432495117188,1.1947244703769684,1430.7540610432625
0.18865570425987244,0.11134429574012755,0.40640756487846375,1.1134429574012756,1435.3517696261406
0.19704177975654602,0.10295822024345397,0.4193037748336792,1.0295822024345398,1430.513921380043
0.20989860594272614,0.09010139405727385,0.6428413093090057,0.9010139405727385,1412.9086315631866
0.21866868436336517,0.08133131563663482,0.4385039210319519,0.8133131563663482,1418.7404617667198
0.2274748831987381,0.07252511680126189,0.44030994176864624,0.7252511680126189,1414.2470613121986
0.24104847013950348,0.05895152986049651,0.678679347038269,0.5895152986049651,1395.5417975783348
0.25469133257865906,0.04530866742134093,0.6821431219577789,0.4530866742134093,1388.5471776127815
0.26387378573417664,0.03612621426582335,0.4591226577758789,0.36126214265823353,1395.1069742441177
0.27285248041152954,0.027147519588470448,0.44893473386764526,0.2714751958847045,1391.127023100853
0.28607308864593506,0.01392691135406493,0.6610304117202759,0.1392691135406493,1373.9119350910187
0.2946367859840393,0.005363214015960682,0.4281848669052124,0.05363214015960682,1381.2723636627197
0.30304574966430664,-0.0030457496643066517,0.4204481840133667,-0.030457496643066517,1377.4547159671783
0.3152448236942291,-0.015244823694229137,0.6099537014961243,-0.15244823694229137,1361.8799030780792
0.3229430913925171,-0.0229430913925171,0.3849133849143982,-0.229430913925171,1369.2827850580215
0.3303026258945465,-0.03030262589454652,0.36797672510147095,-0.3030262589454652,1366.4498507976532
0.3409494161605835,-0.04094941616058351,0.5323395133018494,-0.40949416160583507,1352.9083162546158
0.3473898470401764,-0.0473898470401764,0.3220215439796448,-0.473898470401764,1360.2039992809296
0.35635802149772644,-0.05635802149772645,0.44840872287750244,-0.5635802149772645,1349.4005531072617
0.3616928160190582,-0.06169281601905824,0.26673972606658936,-0.6169281601905824,1355.8166056871414
0.3688928484916687,-0.06889284849166871,0.3600016236305237,-0.6889284849166871,1347.5534945726395
0.37307435274124146,-0.07307435274124147,0.2090752124786377,-0.7307435274124147,1353.0090630054474
0.37679624557495117,-0.07679624557495118,0.18609464168548584,-0.7679624557495118,1352.2971451282501
0.3812023997306824,-0.08120239973068238,0.22030770778656006,-0.8120239973068238,1348.3834147453308
0.3834361433982849,-0.08343614339828492,0.11168718338012695,-0.8343614339828492,1352.6975691318512
0.3856431543827057,-0.0856431543827057,0.11035054922103882,-0.856431543827057,1351.6608953475952
0.3863923251628876,-0.08639232516288758,0.03745853900909424,-0.8639232516288758,1354.9309104681015
0.38641592860221863,-0.08641592860221864,0.0011801719665527344,-0.8641592860221864,1356.733027100563
0.3856668770313263,-0.0856668770313263,-0.0374525785446167,-0.856668770313263,1359.0391904115677
0.3843576908111572,-0.08435769081115724,-0.06545931100845337,-0.8435769081115724,1361.094120144844
0.38139545917510986,-0.08139545917510987,-0.14811158180236816,-0.8139545917510987,1366.7078495025635
0.37878164649009705,-0.07878164649009706,-0.13069063425064087,-0.7878164649009706,1367.1437084674835
0.3756510317325592,-0.07565103173255922,-0.1565307378768921,-0.7565103173255922,1370.001021027565
0.37212541699409485,-0.07212541699409486,-0.17628073692321777,-0.7212541699409486,1372.7513283491135
0.36583128571510315,-0.06583128571510316,-0.31470656394958496,-0.6583128571510316,1382.8196853399277
0.358662486076355,-0.05866248607635499,-0.35843998193740845,-0.5866248607635499,1388.590756058693
0.35352030396461487,-0.05352030396461488,-0.2571091055870056,-0.5352030396461488,1386.0953032970428
0.34782835841178894,-0.04782835841178895,-0.2845972776412964,-0.4782835841178895,1390.3156846761703
0.3389102816581726,-0.03891028165817262,-0.44590383768081665,-0.3891028165817262,1402.8400510549545
0.33269035816192627,-0.03269035816192628,-0.3109961748123169,-0.3269035816192628,1399.2046296596527
0.3230350911617279,-0.023035091161727916,-0.4827633500099182,-0.23035091161727916,1412.620621919632
0.31630972027778625,-0.016309720277786266,-0.3362685441970825,-0.16309720277786266,1408.658567070961
0.30949071049690247,-0.009490710496902477,-0.34095048904418945,-0.09490710496902477,1412.3021692037582
0.29905185103416443,0.0009481489658355602,-0.5219429731369019,0.009481489658355602,1426.5712231397629
0.2921740412712097,0.007825958728790272,-0.3438904881477356,0.07825958728790272,1421.107503771782
0.2851150929927826,0.014884907007217396,-0.3529474139213562,0.14884907007217396,1425.0898241996765
0.274761825799942,0.025238174200057972,-0.5176633596420288,0.2523817420005797,1438.5022550821304
0.26436910033226013,0.03563089966773986,-0.5196362733840942,0.35630899667739857,1443.7972635030746
0.25753018260002136,0.04246981739997863,-0.3419458866119385,0.42469817399978627,1438.3322030305862
0.2509535551071167,0.04904644489288329,-0.32883137464523315,0.4904644489288329,1440.9647911787033
0.24131035804748535,0.05868964195251464,-0.4821598529815674,0.5868964195251464,1453.4528136253357
0.23518458008766174,0.06481541991233825,-0.3062888979911804,0.6481541991233825,1447.7221548557281
0.22916476428508759,0.0708352357149124,-0.3009907901287079,0.708352357149124,1450.4671573638916
0.2206117957830429,0.07938820421695708,-0.4276484251022339,0.7938820421695708,1461.0765233635902
0.21528762578964233,0.08471237421035765,-0.2662084996700287,0.8471237421035765,1455.6666120886803
0.2077532857656479,0.0922467142343521,-0.3767170011997223,0.922467142343521,1464.9592071771622
0.20309916138648987,0.09690083861351012,-0.232706218957901,0.9690083861351012,1460.0857302546501
0.196844220161438,0.103155779838562,-0.312747061252594,1.0315577983856201,1467.2152429819107
0.1931905746459961,0.1068094253540039,-0.18268227577209473,1.068094253540039,1462.5388264656067
0.189850851893425,0.110149148106575,-0.1669861376285553,1.1014914810657501,1463.4238809347153
0.18546102941036224,0.11453897058963775,-0.2194911241531372,1.1453897058963776,1468.2440415024757
0.1830122172832489,0.11698778271675109,-0.12244060635566711,1.169877827167511,1464.615921676159
0.18110080063343048,0.11889919936656951,-0.09557083249092102,1.1889919936656952,1464.2281413078308
0.17894206941127777,0.12105793058872222,-0.1079365611076355,1.2105793058872223,1465.925793349743
0.17795191705226898,0.12204808294773101,-0.04950761795043945,1.2204808294773102,1463.4994223713875
0.17731258273124695,0.12268741726875304,-0.031966716051101685,1.2268741726875305,1462.9420444369316
0.17730922996997833,0.12269077003002166,-0.00016763806343078613,1.2269077003002167,1461.3537669181824
0.17815199494361877,0.12184800505638121,0.042138248682022095,1.2184800505638123,1458.8170900940895
0.17920535802841187,0.12079464197158812,0.05266815423965454,1.2079464197158813,1457.7639132738113
0.180662140250206,0.119337859749794,0.07283911108970642,1.19337859749794,1456.0269743204117
0.18349143862724304,0.11650856137275695,0.14146491885185242,1.1650856137275696,1451.1810347437859
0.18582218885421753,0.11417781114578246,0.11653751134872437,1.1417781114578247,1451.262030005455
0.1885787695646286,0.11142123043537139,0.1378290355205536,1.114212304353714,1448.819163441658
0.1932375729084015,0.1067624270915985,0.2329401671886444,1.067624270915985,1441.734205186367
0.19673989713191986,0.10326010286808013,0.17511621117591858,1.0326010286808014,1442.8742408752441
0.200522780418396,0.09947721958160399,0.18914416432380676,0.9947721958160399,1440.2814015746117
0.2066812366247177,0.09331876337528228,0.3079228103160858,0.9331876337528228,1431.2632411718369
0.21340885758399963,0.08659114241600036,0.33638104796409607,0.8659114241600036,1426.4765188097954
0.21815599501132965,0.08184400498867034,0.23735687136650085,0.8184400498867034,1429.0541589260101
0.22299838066101074,0.07700161933898925,0.24211928248405457,0.7700161933898925,1426.394845545292
0.2305733561515808,0.06942664384841918,0.3787487745285034,0.6942664384841918,1415.7758831977844
0.23578253388404846,0.06421746611595153,0.26045888662338257,0.6421746611595153,1419.0857887268066
0.2435683310031891,0.0564316689968109,0.38928985595703125,0.564316689968109,1408.751341700554
0.24899090826511383,0.05100909173488616,0.2711288630962372,0.5100909173488616,1411.9481027126312
0.2542724311351776,0.04572756886482238,0.2640761435031891,0.45727568864822377,1409.6599772572517
0.26229944825172424,0.037700551748275746,0.40135085582733154,0.37700551748275746,1398.7827330827713
0.2675188183784485,0.0324811816215515,0.26096850633621216,0.324811816215515,1403.1921654939651
0.27271556854248047,0.02728443145751952,0.2598375082015991,0.2728443145751952,1400.6503403186798
0.28026607632637024,0.01973392367362975,0.3775253891944885,0.1973392367362975,1390.9906923770905
0.2875807583332062,0.012419241666793812,0.3657341003417969,0.12419241666793812,1387.922915816307
0.29240110516548157,0.0075988948345184215,0.24101734161376953,0.07598894834518422,1391.7485803365707
0.29692313075065613,0.003076869249343861,0.22610127925872803,0.03076869249343861,1390.2333706617355
0.3034099340438843,-0.0034099340438842884,0.32434016466140747,-0.034099340438842884,1382.0780247449875
0.30730101466178894,-0.0073010146617889515,0.19455403089523315,-0.07301014661788952,1386.6217911243439
0.3129880130290985,-0.012988013029098522,0.2843499183654785,-0.12988013029098522,1379.2884975671768
0.3147050142288208,-0.014705014228820812,0.0858500599861145,-0.14705014228820812,1388.3549898862839
0.319497287273407,-0.019497287273406994,0.23961365222930908,-0.19497287273406994,1378.270673751831
0.32369962334632874,-0.023699623346328746,0.21011680364608765,-0.23699623346328746,1377.6443481445312
0.32618626952171326,-0.026186269521713268,0.12433230876922607,-0.2618626952171327,1380.690249800682
0.32832249999046326,-0.028322499990463268,0.1068115234375,-0.2832249999046327,1380.4981738328934
0.3309152126312256,-0.030915212631225597,0.12963563203811646,-0.30915212631225597,1378.0606120824814
0.3323201537132263,-0.03232015371322633,0.07024705410003662,-0.3232015371322633,1380.327570438385
0.33347517251968384,-0.03347517251968385,0.05775094032287598,-0.3347517251968385,1380.3748667240143
0.3345344364643097,-0.034534436464309703,0.052963197231292725,-0.34534436464309703,1380.0846219062805
0.3348991870880127,-0.034899187088012706,0.018237531185150146,-0.34899187088012706,1381.6385298967361
0.3349444270133972,-0.03494442701339723,0.0022619962692260742,-0.3494442701339723,1382.41468667984
0.33447638154029846,-0.03447638154029847,-0.023402273654937744,-0.34476381540298473,1383.9319229125977
0.3337733745574951,-0.03377337455749513,-0.035150349140167236,-0.3377337455749513,1384.8708301782608
0.3321618139743805,-0.032161813974380504,-0.0805780291557312,-0.32161813974380504,1387.9479944705963
0.3308192491531372,-0.030819249153137218,-0.0671282410621643,-0.3081924915313722,1387.9467874765396
0.32822203636169434,-0.028222036361694347,-0.12986063957214355,-0.28222036361694347,1392.38201379776
0.326141357421875,-0.02614135742187501,-0.1040339469909668,-0.2614135742187501,1392.1310186386108
0.32397177815437317,-0.02397177815437318,-0.10847896337509155,-0.2397177815437318,1393.438059091568
0.3200208842754364,-0.020020884275436412,-0.19754469394683838,-0.20020884275436412,1399.8667925596237
0.31726861000061035,-0.017268610000610363,-0.1376137137413025,-0.17268610000610363,1398.24638068676
0.314280241727829,-0.01428024172782899,-0.1494184136390686,-0.1428024172782899,1400.330799818039
0.30947619676589966,-0.00947619676589967,-0.24020224809646606,-0.09476196765899669,1407.2720140218735
0.30433645844459534,-0.004336458444595348,-0.25698691606521606,-0.04336458444595348,1410.6811165809631
0.3006748557090759,-0.0006748557090759388,-0.18308013677597046,-0.006748557090759388,1408.8165789842606
0.2969014048576355,0.003098595142364491,-0.18867254257202148,0.03098595142364491,1410.9829246997833
0.2911035716533661,0.0088964283466339,-0.28989166021347046,0.088964283466339,1418.9427971839905
0.28716737031936646,0.012832629680633534,-0.1968100666999817,0.12832629680633534,1416.2568181753159
0.28117960691452026,0.018820393085479725,-0.29938817024230957,0.18820393085479725,1424.3796050548553
0.2771526277065277,0.02284737229347228,-0.20134896039962769,0.2284737229347228,1421.4911341667175
0.27306076884269714,0.026939231157302845,-0.20459294319152832,0.26939231157302845,1423.6992627382278
0.2669113278388977,0.033088672161102284,-0.3074720501899719,0.33088672161102284,1431.9179385900497
0.26296138763427734,0.037038612365722645,-0.19749701023101807,0.37038612365722645,1428.3941566944122
0.25714319944381714,0.04285680055618285,-0.29090940952301025,0.4285680055618285,1435.973870754242
0.25329264998435974,0.04670735001564025,-0.19252747297286987,0.4670735001564025,1432.9800486564636
0.24960260093212128,0.05039739906787871,-0.18450245261192322,0.5039739906787871,1434.4238221645355
0.2442086786031723,0.05579132139682769,-0.26969611644744873,0.5579132139682769,1441.3804665207863
0.24074386060237885,0.059256139397621144,-0.17324090003967285,0.5925613939762114,1438.2901147007942
0.23746110498905182,0.06253889501094817,-0.16413778066635132,0.6253889501094817,1439.4763365387917
0.23291358351707458,0.0670864164829254,-0.2273760735988617,0.670864164829254,1444.9120119214058
0.230089470744133,0.069910529255867,-0.14120563864707947,0.6991052925586699,1442.0155465602875
0.22736942768096924,0.07263057231903075,-0.13600215315818787,0.7263057231903075,1443.1153938174248
0.22365571558475494,0.07634428441524505,-0.18568560481071472,0.7634428441524505,1447.4564224481583
0.2204665243625641,0.0795334756374359,-0.15945956110954285,0.795334756374359,1447.739715874195
0.21867938339710236,0.08132061660289763,-0.08935704827308655,0.8132061660289763,1445.1281607151031
0.21702642738819122,0.08297357261180877,-0.08264780044555664,0.8297357261180877,1445.6191763281822
0.21490000188350677,0.08509999811649321,-0.10632127523422241,0.8509999811649321,1447.8660628199577
0.21379727125167847,0.08620272874832152,-0.055136531591415405,0.8620272874832152,1445.8581909537315
0.21252723038196564,0.08747276961803435,-0.06350204348564148,0.8747276961803435,1446.9114869832993
0.21203207969665527,0.08796792030334472,-0.02475753426551819,0.8796792030334472,1445.2218368649483
0.21171629428863525,0.08828370571136473,-0.015789270401000977,0.8828370571136473,1444.9313163757324
0.21180084347724915,0.08819915652275084,0.00422745943069458,0.8819915652275084,1443.8882052898407
0.21205377578735352,0.08794622421264647,0.012646615505218506,0.8794622421264647,1443.3407813310623
0.21282923221588135,0.08717076778411864,0.0387728214263916,0.8717076778411864,1441.6467428207397
0.21360301971435547,0.08639698028564452,0.038689374923706055,0.8639698028564452,1441.264021396637
0.215400829911232,0.084599170088768,0.0898905098438263,0.8459917008876799,1437.8050595521927
0.21670232713222504,0.08329767286777495,0.0650748610496521,0.8329767286777495,1438.3950933814049
0.21817561984062195,0.08182438015937804,0.07366463541984558,0.8182438015937804,1437.2289583086967
0.22092409431934357,0.07907590568065642,0.13742372393608093,0.7907590568065642,1432.6667666435242
0.2229657769203186,0.07703422307968139,0.10208413004875183,0.7703422307968139,1433.412905037403
0.22518892586231232,0.07481107413768767,0.11115744709968567,0.7481107413768767,1431.8476647138596
0.22760631144046783,0.07239368855953215,0.12086927890777588,0.7239368855953215,1430.1533803343773
0.23146545886993408,0.0685345411300659,0.19295737147331238,0.6853454113006591,1424.6194019913673
0.23568235337734222,0.06431764662265776,0.2108447253704071,0.6431764662265776,1421.6165870428085
0.23711295425891876,0.06288704574108123,0.0715300440788269,0.6288704574108123,1427.8670206665993
0.24340100586414337,0.05659899413585662,0.31440258026123047,0.5659899413585662,1412.5793680548668
0.24657882750034332,0.053421172499656666,0.15889108180999756,0.5342117249965667,1418.7660321593285
0.2499292939901352,0.050070706009864796,0.1675233244895935,0.500707060098648,1416.6591867804527
0.2549819350242615,0.045018064975738514,0.2526320517063141,0.45018064975738514,1409.8774299025536
0.2584199011325836,0.04158009886741637,0.17189830541610718,0.4158009886741637,1412.1951341629028
0.2618202567100525,0.0381797432899475,0.1700177788734436,0.381797432899475,1410.5889827013016
0.2652970254421234,0.034702974557876576,0.17383843660354614,0.34702974557876576,1408.659565448761
0.2702033221721649,0.029796677827835072,0.2453148365020752,0.2979667782783507,1402.6325970888138
0.2751085162162781,0.024891483783721913,0.24525970220565796,0.24891483783721913,1400.182756781578
0.2766943573951721,0.02330564260482787,0.07929205894470215,0.2330564260482787,1407.6882183551788
0.27971524000167847,0.020284759998321522,0.15104413032531738,0.20284759998321522,1402.590173482895
0.2854579985141754,0.014542001485824574,0.2871379256248474,0.14542001485824574,1392.91410446167
0.28813281655311584,0.011867183446884144,0.13374090194702148,0.11867183446884144,1399.246546626091
0.29186874628067017,0.008131253719329823,0.18679648637771606,0.08131253719329823,1394.7258025407791
0.2941353917121887,0.005864608287811268,0.11333227157592773,0.05864608287811268,1397.2656905651093
0.2962053716182709,0.003794628381729115,0.10349899530410767,0.03794628381729115,1396.7223644256592
0.298967182636261,0.0010328173637390026,0.13809055089950562,0.010328173637390026,1393.6118811368942
0.3005577623844147,-0.000557762384414684,0.07952898740768433,-0.0055776238441468395,1395.7446694374084
0.30258527398109436,-0.0025852739810943715,0.10137557983398438,-0.025852739810943715,1393.6385840177536
0.3037724494934082,-0.0037724494934082142,0.05935877561569214,-0.03772449493408214,1395.1458364725113
0.30474454164505005,-0.00474454164505006,0.048604607582092285,-0.0474454164505006,1395.1974987983704
0.3058045506477356,-0.005804550647735607,0.053000450134277344,-0.05804550647735607,1394.4477021694183
0.3063698410987854,-0.0063698410987854115,0.028264522552490234,-0.06369841098785411,1395.4018533229828
0.3066239058971405,-0.006623905897140514,0.012703239917755127,-0.06623905897140514,1396.052885055542
0.30666470527648926,-0.006664705276489269,0.002039968967437744,-0.06664705276489269,1396.5656489133835
0.30656856298446655,-0.006568562984466564,-0.004807114601135254,-0.06568562984466564,1396.9560742378235
0.3060130178928375,-0.0060130178928375355,-0.027777254581451416,-0.060130178928375355,1398.3823537826538
0.30545833706855774,-0.00545833706855775,-0.027734041213989258,-0.054583370685577504,1398.6575335264206
0.304368257522583,-0.004368257522583019,-0.05450397729873657,-0.04368257522583019,1400.5410701036453
0.30387669801712036,-0.0038766980171203724,-0.024577975273132324,-0.038766980171203724,1399.2905497550964
0.30238276720046997,-0.002382767200469982,-0.07469654083251953,-0.023827672004699818,1402.543443441391
0.30048149824142456,-0.00048149824142457165,-0.09506344795227051,-0.0048149824142457165,1404.5124232769012
0.299014151096344,0.0009858489036559948,-0.07336735725402832,0.009858489036559948,1404.1612923145294
0.29663488268852234,0.00336511731147765,-0.11896342039108276,0.0336511731147765,1407.630729675293
0.2948315739631653,0.005168426036834706,-0.09016543626785278,0.05168426036834706,1407.09248483181
0.29298555850982666,0.007014441490173329,-0.09230077266693115,0.07014441490173329,1408.1222593784332
0.28997164964675903,0.010028350353240956,-0.15069544315338135,0.10028350353240956,1412.5489473342896
0.2878240644931793,0.012175935506820668,-0.1073792576789856,0.12175935506820668,1411.4569306373596
0.28449392318725586,0.01550607681274413,-0.1665070652961731,0.1550607681274413,1416.0783916711807
0.28230008482933044,0.017699915170669545,-0.10969191789627075,0.17699915170669545,1414.3345534801483
0.2799837291240692,0.020016270875930775,-0.11581778526306152,0.20016270875930775,1415.7990247011185
0.27649161219596863,0.02350838780403136,-0.1746058464050293,0.2350838780403136,1420.4844862222672
0.2741265594959259,0.025873440504074086,-0.11825263500213623,0.25873440504074086,1418.8493520021439
0.2716825008392334,0.02831749916076659,-0.12220293283462524,0.2831749916076659,1420.2688962221146
0.26828622817993164,0.03171377182006835,-0.1698136329650879,0.3171377182006835,1424.3475675582886
0.2659843862056732,0.03401561379432677,-0.11509209871292114,0.3401561379432677,1422.7624118328094
0.26380664110183716,0.03619335889816283,-0.10888725519180298,0.3619335889816283,1423.5410422086716
0.2605586349964142,0.039441365003585804,-0.16240030527114868,0.39441365003585804,1427.8406977653503
0.2575396001338959,0.042460399866104115,-0.15095174312591553,0.42460399866104115,1428.7777870893478
0.25662147998809814,0.043378520011901844,-0.045906007289886475,0.43378520011901844,1423.9845603704453
0.2539058029651642,0.046094197034835804,-0.135783851146698,0.46094197034835804,1429.8362910747528
0.2514672577381134,0.048532742261886586,-0.12192726135253906,0.48532742261886586,1430.3627341985703
0.24989907443523407,0.05010092556476592,-0.07840916514396667,0.5010092556476592,1428.9709210395813
0.24769796431064606,0.05230203568935393,-0.11005550622940063,0.5230203568935393,1431.653793156147
0.24646377563476562,0.053536224365234364,-0.061709433794021606,0.5353622436523436,1429.8535838723183
0.24533972144126892,0.05466027855873107,-0.056202709674835205,0.5466027855873107,1430.1402747631073
0.2442808598279953,0.05571914017200469,-0.05294308066368103,0.5571914017200469,1430.5067241191864
0.24298164248466492,0.05701835751533507,-0.06496086716651917,0.5701835751533507,1431.7572221159935
0.24196761846542358,0.058032381534576405,-0.05070120096206665,0.580323815345764,1431.5512508153915
0.24142040312290192,0.05857959687709807,-0.027360767126083374,0.5857959687709807,1430.6578367948532
0.24080060422420502,0.05919939577579497,-0.03098994493484497,0.5919939577579497,1431.1491951346397
0.24027924239635468,0.059720757603645314,-0.02606809139251709,0.5972075760364531,1431.1637833714485
0.24008436501026154,0.05991563498973845,-0.009743869304656982,0.5991563498973845,1430.445010960102
0.23997171223163605,0.06002828776836394,-0.005632638931274414,0.6002828776836394,1430.2957758307457
0.24021784961223602,0.059782150387763966,0.01230686902999878,0.5978215038776397,1429.275731742382
0.24042171239852905,0.059578287601470936,0.01019313931465149,0.5957828760147094,1429.279486835003
0.2408234030008316,0.059176596999168385,0.020084530115127563,0.5917659699916838,1428.5840719938278
0.24169166386127472,0.05830833613872527,0.04341304302215576,0.5830833613872527,1426.9835159182549
0.2426910251379013,0.05730897486209868,0.049968063831329346,0.5730897486209868,1426.1560842394829
0.24310390651226044,0.05689609348773955,0.020644068717956543,0.5689609348773955,1427.415843307972
0.24446961283683777,0.05553038716316222,0.06828531622886658,0.5553038716316222,1424.3509277701378
0.24597854912281036,0.054021450877189625,0.07544681429862976,0.5402145087718963,1423.2383847236633
0.2471866011619568,0.0528133988380432,0.06040260195732117,0.528133988380432,1423.3865693211555
0.24900402128696442,0.05099597871303557,0.09087100625038147,0.5099597871303557,1420.9544390439987
0.25029805302619934,0.04970194697380065,0.06470158696174622,0.4970194697380065,1421.615894138813
0.2516213059425354,0.04837869405746459,0.06616264581680298,0.4837869405746459,1420.8812147378922
0.2536926865577698,0.046307313442230214,0.10356903076171875,0.46307313442230214,1417.9752051830292
0.25510862469673157,0.04489137530326842,0.0707969069480896,0.4489137530326842,1418.9058423042297
0.2573246657848358,0.04267533421516417,0.1108020544052124,0.42675334215164173,1415.7975643873215
0.2589821219444275,0.0410178780555725,0.08287280797958374,0.410178780555725,1416.365298628807
0.2604815661907196,0.039518433809280384,0.07497221231460571,0.39518433809280384,1416.01060628891
0.2629701495170593,0.03702985048294066,0.12442916631698608,0.3702985048294066,1412.293466925621
0.26457729935646057,0.03542270064353942,0.08035749197006226,0.3542270064353942,1413.6934757232666
0.2662641406059265,0.033735859394073475,0.08434206247329712,0.33735859394073475,1412.650826573372
0.2686839699745178,0.03131603002548217,0.12099146842956543,0.31316030025482167,1409.6084415912628
0.2703380882740021,0.029661911725997914,0.08270591497421265,0.29661911725997914,1410.6956601142883
0.27190330624580383,0.028096693754196156,0.07826089859008789,0.28096693754196156,1410.1353019475937
0.2741454541683197,0.025854545831680287,0.11210739612579346,0.25854545831680287,1407.3219031095505
0.27649328112602234,0.02350671887397765,0.11739134788513184,0.2350671887397765,1405.8837920427322
0.2771206796169281,0.02287932038307189,0.031369924545288086,0.22879320383071888,1409.8711639642715
0.2792322635650635,0.020767736434936512,0.1055791974067688,0.20767736434936512,1405.1049083471298
0.28113439679145813,0.01886560320854186,0.09510666131973267,0.1886560320854186,1404.6774685382843
0.2822811007499695,0.017718899250030506,0.05733519792556763,0.17718899250030506,1405.9926897287369
0.28345295786857605,0.01654704213142394,0.05859285593032837,0.1654704213142394,1405.3438782691956
0.2848109304904938,0.015189069509506214,0.06789863109588623,0.15189069509506214,1404.1996031999588
0.28572115302085876,0.014278846979141224,0.04551112651824951,0.14278846979141224,1404.8638671636581
0.2864567041397095,0.013543295860290516,0.0367775559425354,0.13543295860290516,1404.9327701330185
0.28725308179855347,0.012746918201446522,0.03981888294219971,0.12746918201446522,1404.3825149536133
0.28795719146728516,0.012042808532714833,0.03520548343658447,0.12042808532714833,1404.2611300945282
0.2882044017314911,0.0117955982685089,0.01236051321029663,0.117955982685089,1405.2797734737396
0.2884375751018524,0.011562424898147572,0.011658668518066406,0.11562424898147572,1405.1982790231705
0.28863319754600525,0.01136680245399474,0.009781122207641602,0.1136680245399474,1405.1943451166153
0.28861233592033386,0.011387664079666127,-0.001043081283569336,0.11387664079666127,1405.7459861040115
0.28838953375816345,0.011610466241836537,-0.011140108108520508,0.11610466241836537,1406.3622385263443
0.287984162569046,0.012015837430953968,-0.020268559455871582,0.12015837430953968,1407.0213466882706
0.2874463200569153,0.012553679943084706,-0.026892125606536865,0.12553679943084706,1407.6214462518692
0.28697100281715393,0.013028997182846058,-0.023765861988067627,0.13028997182846058,1407.7027916908264
0.2861001491546631,0.013899850845336903,-0.043542683124542236,0.13899850845336903,1409.1270595788956
0.2848891019821167,0.01511089801788329,-0.060552358627319336,0.1511089801788329,1410.5830669403076
0.2840416431427002,0.015958356857299794,-0.042372941970825195,0.15958356857299794,1410.0978255271912
0.2831411361694336,0.016858863830566395,-0.04502534866333008,0.16858863830566395,1410.6806993484497
0.2817172110080719,0.01828278899192809,-0.07119625806808472,0.1828278899192809,1412.7012073993683
0.2807632088661194,0.019236791133880604,-0.04770010709762573,0.19236791133880604,1412.0034009218216
0.2790050506591797,0.0209949493408203,-0.08790791034698486,0.20994949340820301,1414.8928701877594
0.2778918147087097,0.022108185291290272,-0.055661797523498535,0.22108185291290272,1413.83718252182
0.2767714858055115,0.023228514194488514,-0.05601644515991211,0.23228514194488514,1414.4150793552399
0.27488264441490173,0.025117355585098255,-0.09444206953048706,0.25117355585098255,1417.2807812690735
0.27355509996414185,0.026444900035858143,-0.06637722253799438,0.26444900035858143,1416.5413111448288
0.2717089354991913,0.028291064500808705,-0.09230822324752808,0.28291064500808705,1418.7609434127808
0.27052590250968933,0.029474097490310658,-0.059151649475097656,0.2947409749031066,1417.6946312189102
0.26955580711364746,0.030444192886352528,-0.048504769802093506,0.3044419288635253,1417.647334933281
0.2677655518054962,0.03223444819450377,-0.08951276540756226,0.32234448194503773,1420.59286236763
0.2665995657444,0.033400434255599964,-0.05829930305480957,0.33400434255599964,1419.6151822805405
0.26489484310150146,0.035105156898498524,-0.08523613214492798,0.35105156898498524,1421.8143850564957
0.2638116776943207,0.03618832230567931,-0.05415827035903931,0.3618832230567931,1420.8020746707916
0.26268112659454346,0.03731887340545653,-0.056527554988861084,0.3731887340545653,1421.4858144521713
0.26181647181510925,0.038183528184890736,-0.043232738971710205,0.38183528184890736,1421.2534010410309
0.26042309403419495,0.03957690596580504,-0.06966888904571533,0.3957690596580504,1423.2718974351883
0.259235143661499,0.040764856338500965,-0.05939751863479614,0.40764856338500965,1423.3523041009903
0.25845202803611755,0.041547971963882435,-0.039155781269073486,0.41547971963882435,1422.731775045395
0.25779733061790466,0.042202669382095326,-0.03273487091064453,0.42202669382095326,1422.73807823658
0.25685572624206543,0.04314427375793456,-0.04708021879196167,0.4314427375793456,1423.9261478185654
0.25626611709594727,0.04373388290405272,-0.029480457305908203,0.43733882904052723,1423.3409643173218
0.25555315613746643,0.04444684386253356,-0.03564804792404175,0.4444684386253356,1424.0058243274689
0.25507214665412903,0.04492785334587096,-0.024050474166870117,0.4492785334587096,1423.666450381279
0.2546524703502655,0.045347529649734486,-0.02098381519317627,0.45347529649734486,1423.722955584526
0.2541077733039856,0.04589222669601439,-0.02723485231399536,0.45892226696014393,1424.307855963707
0.2537694573402405,0.04623054265975951,-0.01691579818725586,0.4623054265975951,1423.9610612392426
0.25345879793167114,0.046541202068328846,-0.015532970428466797,0.46541202068328846,1424.0472495555878
0.25319743156433105,0.046802568435668934,-0.013068318367004395,0.46802568435668934,1424.0547001361847
0.25319942831993103,0.04680057168006896,9.98377799987793e-05,0.4680057168006896,1423.3952939510345
0.25315019488334656,0.04684980511665343,-0.002461671829223633,0.4684980511665343,1423.547986149788
0.253121942281723,0.046878057718276966,-0.0014126300811767578,0.46878057718276966,1423.5096603631973
0.25313207507133484,0.04686792492866515,0.0005066394805908203,0.4686792492866515,1423.408630490303
0.25323882699012756,0.046761173009872425,0.0053375959396362305,0.46761173009872425,1423.1137067079544
0.25345578789711,0.046544212102890004,0.010848045349121094,0.46544212102890004,1422.729703783989
0.2536296248435974,0.04637037515640258,0.008691847324371338,0.46370375156402577,1422.7505952119827
0.25395309925079346,0.04604690074920653,0.016173720359802246,0.4604690074920653,1422.2147643566132
0.25454825162887573,0.045451748371124256,0.02975761890411377,0.45451748371124256,1421.2379932403564
0.25486671924591064,0.045133280754089344,0.015923380851745605,0.45133280754089344,1421.7704713344574
0.2552649974822998,0.044735002517700184,0.019913911819458008,0.44735002517700184,1421.3718056678772
0.25600212812423706,0.04399787187576293,0.03685653209686279,0.4399787187576293,1420.1561093330383
0.256518691778183,0.043481308221817005,0.025828182697296143,0.43481308221817005,1420.4492449760437
0.2570517957210541,0.04294820427894591,0.026655197143554688,0.4294820427894591,1420.1413422822952
0.2578752934932709,0.042124706506729115,0.041174888610839844,0.42124706506729115,1419.0036088228226
0.2585858702659607,0.041414129734039296,0.03552883863449097,0.41414129734039296,1418.930622935295
0.25927087664604187,0.04072912335395812,0.03425031900405884,0.4072912335395812,1418.6520457267761
0.2599901258945465,0.04000987410545348,0.035962462425231934,0.4000987410545348,1418.2068139314651
0.2614581882953644,0.03854181170463561,0.07340312004089355,0.3854181170463561,1415.6007498502731
0.262271910905838,0.037728089094161976,0.04068613052368164,0.37728089094161976,1416.829738020897
0.2631809115409851,0.03681908845901488,0.045450031757354736,0.3681908845901488,1416.1370426416397
0.2642424404621124,0.03575755953788756,0.05307644605636597,0.3575755953788756,1415.2249574661255
0.26512962579727173,0.03487037420272826,0.04435926675796509,0.3487037420272826,1415.2172237634659
0.26583757996559143,0.03416242003440856,0.03539770841598511,0.3416242003440856,1415.311324596405
0.2668725550174713,0.033127444982528675,0.05174875259399414,0.33127444982528675,1413.9762848615646
0.26766809821128845,0.03233190178871154,0.039777159690856934,0.32331901788711537,1414.177092909813
0.2686043977737427,0.03139560222625731,0.04681497812271118,0.31395602226257313,1413.357052206993
0.268848717212677,0.031151282787322987,0.012215971946716309,0.31151282787322987,1414.9648427963257
0.27013489603996277,0.02986510396003722,0.06430894136428833,0.2986510396003722,1411.7171049118042
0.2707895338535309,0.029210466146469105,0.03273189067840576,0.29210466146469105,1412.9686385393143
0.2713383734226227,0.028661626577377308,0.027441978454589844,0.2866162657737731,1412.9587143659592
0.272163987159729,0.027836012840270985,0.04128068685531616,0.27836012840270985,1411.8539720773697
0.2725643515586853,0.027435648441314686,0.02001821994781494,0.27435648441314686,1412.7169132232666
0.27299633622169495,0.027003663778305043,0.021599233150482178,0.2700366377830504,1412.4218702316284
0.27337485551834106,0.026625144481658924,0.018925964832305908,0.26625144481658924,1412.3662739992142
0.27401185035705566,0.025988149642944325,0.03184974193572998,0.25988149642944325,1411.4015877246857
0.27435874938964844,0.02564125061035155,0.017344951629638672,0.2564125061035155,1411.9533777236938
0.27454525232315063,0.025454747676849354,0.009325146675109863,0.25454747676849354,1412.2611165046692
0.27477768063545227,0.02522231936454772,0.011621415615081787,0.2522231936454772,1412.0300889015198
0.2748466432094574,0.02515335679054259,0.0034481287002563477,0.2515335679054259,1412.4042719602585
0.2750178277492523,0.02498217225074767,0.008559226989746094,0.2498217225074767,1412.0631247758865
0.27491915225982666,0.02508084774017333,-0.004933774471282959,0.2508084774017333,1412.7871125936508
0.27494218945503235,0.02505781054496764,0.0011518597602844238,0.2505781054496764,1412.4713122844696
0.27492576837539673,0.02507423162460326,-0.0008210539817810059,0.2507423162460326,1412.5781685113907
0.2748069167137146,0.02519308328628539,-0.005942583084106445,0.2519308328628539,1412.893670797348
0.27470195293426514,0.025298047065734852,-0.0052481889724731445,0.2529804706573485,1412.911432981491
0.27453288435935974,0.025467115640640248,-0.008453428745269775,0.2546711564064025,1413.1562292575836
0.27430254220962524,0.025697457790374745,-0.011517107486724854,0.25697457790374745,1413.4245842695236
0.27410566806793213,0.02589433193206786,-0.009843707084655762,0.2589433193206786,1413.4393513202667
0.2738400101661682,0.026159989833831776,-0.0132828950881958,0.26159989833831776,1413.7441396713257
0.2735874652862549,0.026412534713745106,-0.012627243995666504,0.26412534713745106,1413.8376295566559
0.2730861306190491,0.026913869380950917,-0.025066733360290527,0.26913869380950917,1414.71027135849
0.27262401580810547,0.02737598419189452,-0.023105740547180176,0.2737598419189452,1414.8432791233063
0.27210310101509094,0.027896898984909047,-0.02604573965072632,0.27896898984909047,1415.2507364749908
